Number_Plate,Price
HO07 TWC,8051
YW59 CBS,15113
HJ56 DKV,8078
HT65 KGK,17552
FO10 WUY,13678
SX12 HGK,21334
QN65 TJB,21876
AM08 OJO,12786
BO13 EZY,14461
XD60 CQO,6504
BF10 JCD,15215
UJ12 FBM,17244
WJ14 VSA,10298
FP61 RBH,16238
TO14 EQU,22645
HP10 OXG,15328
FA08 KPV,4768
NA56 LPR,4898
YU15 FEU,16739
OG57 ODN,5038
IW63 PVZ,15389
LC58 ZEH,8050
TO10 IIB,14287
MU58 DBE,7258
IE62 OKT,17948
BL10 ZQK,9899
KE11 DOG,9335
MD11 WGV,12224
OD14 IZL,16091
YF05 BTX,4908
WX66 FTB,20889
KO14 ALJ,20068
LF07 TWB,5540
CU13 HUL,20249
RV61 QDH,11545
PB60 EQQ,11652
OX65 CRH,17908
JF60 STN,10253
LO07 ZXY,5816
PJ59 VLF,8949
WQ63 TSW,14103
NX55 MYL,3756
NT62 ILB,8107
NB60 UVU,14757
GL60 RDS,17896
AK63 ADK,18221
LP57 JUF,5768
IO65 TQE,10924
OW13 FTY,8907
VY65 MLA,28781
SC12 AWB,8385
FB05 NXR,6432
CR61 UKI,9094
MY56 RKS,4300
NE13 WYO,15649
EK62 RAJ,12592
DT08 FTU,9760
TI57 KVB,8772
XK60 PEP,9383
SC05 AUO,5251
MR07 NML,4290
RZ66 UZR,31447
VN12 SOD,13857
XL09 ZEC,13836
YV58 OWG,4856
OZ13 ZXK,24017
OU11 WIX,17593
YY64 GGE,22234
GH12 DBB,8331
BS61 FQD,13708
AW61 BSI,11623
JZ10 ARU,10812
NG56 ZKB,4198
AH57 AGO,8017
GV16 TFE,27114
SD59 XAI,15161
CS15 MKR,28728
JP62 HFP,13201
NI12 FQF,13007
GA05 HGI,2977
FF64 BED,16383
PR66 LDL,31582
GI12 UDQ,18591
WS60 VQV,16376
SJ07 QUV,4774
MV09 JUK,12322
DZ62 VSI,17929
WB07 ODY,6505
LP08 JIU,9027
CH15 VVC,23330
GL07 JRU,5450
FH60 QWF,12256
FW05 SQY,3994
EN06 DDP,4535
EV64 NXA,12663
BX64 IGV,16308
XP62 HYU,11835
LS13 VRT,14241
IM64 RMF,18730
CC08 UOX,10456
ST65 YCV,27383
EK07 QTE,6383
SN63 UNZ,23009
GG10 FZP,10274
MJ64 KMF,15725
FN60 SRG,6574
LY64 JNP,13295
CX64 SAI,26794
MD56 RNT,3953
LS63 WCI,11314
YL62 JAC,18389
HK60 ICQ,6740
TK63 BJP,18088
MY09 QBO,8381
AL13 NHR,14617
UU06 LZG,4309
FJ14 YBM,16332
AR05 JBZ,3533
EG16 TYM,25197
IB55 CGF,4827
VV08 VJX,13368
BA10 GTS,6679
PY06 QFQ,7567
LY60 TBW,11285
WJ11 SRU,7209
DL07 FFP,6965
SI59 LRE,5223
PW11 URC,16792
ZF07 XWX,6425
PO65 HZT,14389
XL66 ONP,24369
FH11 ZNK,14840
GS63 UEY,14154
PB09 JEV,8363
EJ10 FRY,11869
CM09 EQQ,13189
YC15 PDY,29042
GP05 OPU,5793
FV55 OUQ,2024
CD58 TIJ,4835
QS06 YKC,3051
ZM05 IDA,4439
CD05 BBG,3780
IT64 ODS,10275
EW15 BFW,16901
DF66 XOX,25241
XH07 SGU,6741
AZ59 UPI,14411
JO05 QGP,3474
PH13 BBB,20402
OB07 ART,7760
AP58 ENX,4936
DI12 VDJ,17112
GG58 RMB,7146
HG63 FQF,19937
KS56 MHU,6187
YA66 HVO,15440
AD07 ART,10909
PH56 QBK,8625
NB61 FFP,17533
AK58 GUK,4369
OS07 DXB,5250
ZI58 FPD,10629
JI07 WRG,7313
YJ11 YRX,9717
SG16 CGZ,14814
YK12 NOU,12579
DP12 FLM,8239
DU60 EEM,10920
DN58 TTL,8169
RU06 INO,5443
VC55 FZW,5190
HX63 ZNO,9244
VO11 ULA,19418
GW57 DEV,5666
AQ62 VXV,19699
XW63 DVL,15300
WO08 AKV,4964
VA57 VCZ,5502
NK06 YXL,6278
QA64 IJM,21692
PX65 KIG,14425
LP10 QXR,13439
PN64 OWO,14670
CQ10 JBJ,10530
RX05 YMB,5837
ZK62 CZU,18481
EE65 PRM,23368
JY65 RZW,23219
BJ10 YFU,10018
KH15 DHZ,29223
TL64 HJN,15659
VB06 BCJ,8233
CG61 MVI,11645
FE15 VID,14258
MJ59 XIU,11446
XH08 UMY,9375
QB14 KOL,20178
RA12 BUH,16770
PK58 NKP,8558
GB13 IVS,11960
GQ16 HFM,30775
WK55 NAF,6723
NY58 DCJ,10721
MC09 GEG,14041
RY08 ZPC,7046
NN07 VHQ,4538
WD58 QCQ,8283
WP11 GGS,19114
WQ60 KTB,16921
PC10 UVL,14583
ZD63 AAI,19574
BT65 HCX,13664
WB62 FVH,13186
UD15 SIP,17402
CZ59 FYD,14099
TK15 YWV,22971
CM13 RDH,15419
BR07 BOU,9829
BR14 ZGU,15472
HX05 LDJ,3400
YI10 UZV,8589
PZ05 EVG,3694
RT62 HUP,20938
GJ64 DQW,22361
FH06 SEY,6800
ME08 XKV,6456
UZ59 RBJ,13440
WP61 SZK,17734
FA63 KPY,9356
DI56 FTE,5074
RA56 EYJ,8771
EH61 VFX,12562
MP57 LPU,5633
GG05 XVU,5057
IN09 BMR,14954
OJ60 DTP,10429
UY65 GAX,17997
ZD61 DFG,15777
IQ11 QRL,16306
QV14 YCY,17258
CN57 LTN,5897
NO09 NSO,11637
BI61 UPY,11619
ZP65 TPX,25202
FR64 PUY,19199
SO15 NTK,29234
EF65 XHQ,24315
MQ09 CPG,9837
GC05 CTT,2347
OZ59 TYU,13088
DC65 MXG,24443
XT09 VFC,8997
HX14 WYW,26110
VV62 MAE,17757
QW12 KZZ,11927
EM59 UTM,11689
BE12 ATH,19178
LF08 ITE,10569
OY56 JIY,6476
YC64 HZS,15768
XB56 TYI,6510
UR15 AUH,21876
NE06 SWG,4763
MJ62 ZLH,17791
PX65 SFU,16223
TJ11 COG,7522
GB13 FEV,15214
PV09 XNP,9868
RO09 LNJ,13738
RU07 GTO,8104
YR61 VER,11215
GG10 XZV,14142
DS05 PVV,5359
XK10 BIO,6398
WF08 JDL,9124
MA60 EMX,11058
DM66 VKF,14738
AC12 XCL,17051
YM13 BFD,12131
PB65 PCL,23337
MV10 ENJ,17292
JV66 HQJ,15538
JC10 KRB,14965
VB09 VBN,15527
YS59 GEJ,11681
QM09 SUR,9069
SB06 RXH,4014
BK08 JSO,5044
WN66 ILC,18578
UF11 DVR,13453
VL64 HFW,22675
IX64 ZYX,20644
SB61 PQM,9572
AJ55 ZAY,3725
RG16 GEY,26059
WM11 XIA,15917
TQ12 RIF,12845
IP65 ELS,21316
UH65 IOM,10821
GT60 KRT,15172
HG66 SSF,15571
MH64 FVF,12708
OQ55 FKW,4100
FZ64 SFH,21131
CD12 VKH,11711
UW58 ZWX,8515
IB11 QMY,15469
VL06 HUB,7145
KN10 FNH,17810
AH10 DOZ,8029
FR57 DVO,10199
CI64 TJX,19257
OO08 QIK,7395
AB16 NQA,31897
DN16 NBC,25816
YV61 EIO,14173
GK65 JYO,22925
YP66 WWI,23495
VE59 TEW,11904
JM60 UTG,15293
WQ09 NET,11564
TH13 STL,17058
FG65 ZMI,20550
RX58 YEG,6402
AD15 NZI,29430
WR55 MFX,6185
FS14 IZS,15844
ZD60 VSC,8506
JS61 QMK,16341
SK57 LTB,9445
LO58 QJU,10614
IS15 GBE,18711
FK08 XQA,6958
LG09 RTT,8679
VF58 KTN,4830
UH08 BWK,12270
JY61 UNG,14031
PX55 XNK,4327
ZU58 TAH,4722
NW15 ATQ,13581
NH05 MFQ,2438
AV12 ITW,18706
WS09 ZKZ,9269
YM12 TIZ,8452
WD09 NUL,9599
TM61 NLI,16326
ZR15 SBY,24125
TG08 KOT,4549
GE09 NEF,10697
SC59 TTY,9768
UV62 KPF,13838
HN55 ZYU,6557
YK64 VPS,23456
RD65 NHL,16643
FY65 JIF,13621
CD56 BVR,2845
JX16 HNU,23658
EP07 CDC,8603
DJ63 DJW,20054
LQ62 GZO,17197
MY59 YXT,7046
AW62 FUV,12965
DB05 PBV,3592
SV61 HZS,10683
BE14 UUO,15988
DB09 SJT,10354
ME16 EBJ,19140
XT63 ZVA,19212
YH06 ROB,5466
RZ11 NJC,15974
AN58 JGO,12351
NK58 UPA,13258
MR58 DZK,11777
FW59 NMW,5873
HK06 JNQ,7423
YS05 REI,4636
ND16 LGD,24877
OJ11 TGR,19271
FJ10 DIH,6487
XX05 PYD,5243
CV65 SAW,16946
YY62 NZY,10577
BV08 NYE,6719
YM59 YRF,7034
GT60 HXN,10701
JV10 KVT,10703
BH07 ZSX,6947
DM15 JFD,13984
SV15 XNZ,10840
PO55 OLE,5188
BO58 NZE,9099
XS10 QPJ,10353
NC11 LMN,12591
GN07 EJG,6266
KA56 AES,6635
NN66 CID,14830
WR62 SRJ,18006
MU05 KOV,4284
FU09 LKA,15677
FJ16 XPY,19311
EO11 DVM,16554
YP59 WIW,9135
MD59 KUK,8905
NG63 JTT,13745
OW66 USF,23766
JV10 KWL,12417
FP63 ZMZ,12096
ND14 ZJH,15761
LV14 RHL,26156
IU63 QFE,20266
JW56 YCY,6202
UZ06 JVX,6048
RX13 ZLI,8814
KN15 FIP,25173
DK06 RRL,4765
VU59 WBH,12337
SN12 YIN,18003
MY12 LJF,7784
RV60 QPP,14764
GM11 QKD,7594
PB15 LBU,23040
SI06 IJI,5133
OS09 TUC,12736
TQ09 SYF,10539
RP63 OBR,15652
OY58 WEM,4673
QA16 TOW,27277
BU13 IKO,19238
DU56 MYO,6089
AM63 DBB,8876
XD10 HWD,12048
BE64 PEU,21832
NN11 MPQ,16036
HX15 MHX,20438
AO65 DBV,22080
FU56 XFJ,4329
LU65 ZXA,15694
XZ10 JGN,9572
MO56 FDU,4819
GC09 XHA,8667
SF65 TUC,24793
SU11 BQY,7007
IT09 WTX,11004
RP66 UJH,14729
IK10 OMA,11930
XC16 WUC,18879
LZ15 TYU,21718
BV13 GTT,20648
MS57 NHB,8180
ZX16 KKA,19167
HS15 ELY,21191
FU65 KSY,18473
VJ08 ZBR,11058
TY66 MGR,26608
LG09 WUV,11361
UQ61 WZP,11005
KC55 QSN,1784
DZ64 RFE,12741
UB06 PSN,4632
IH08 GUY,10349
NY57 SOB,7365
MM06 LWE,5495
FU60 MRG,14141
ZQ16 SQP,23422
IZ60 ZPH,13441
YQ13 ONR,19269
SM59 NTX,9648
TW08 HQC,10955
YI10 KGR,11186
XA63 UUD,14763
QX57 PWU,5496
NR63 NIY,15310
TH16 TFY,30606
UB07 QKT,7994
NY13 OHM,19973
QH60 TPC,14767
PN65 VHM,28465
WB64 QDG,18090
ER57 IKS,7855
NT65 JJJ,14416
WB07 VJQ,9048
NU60 GCD,10482
KZ65 HIM,21875
XN16 UKW,21283
KO14 NZL,12512
QP56 HKJ,3696
QS14 WRW,22626
GO66 FTH,19198
ZK10 LQD,17790
NO64 LVN,22898
PS56 XBY,3708
DV11 MKO,19235
DE13 JQJ,23436
QN13 XVB,14485
MK55 DND,4173
IN57 SOZ,3498
YL09 MRO,7217
NN05 VWQ,4335
JC60 MAI,16541
RN55 QJA,2953
CP58 BYO,8925
IZ06 XIW,4609
IZ09 UNY,11933
WT14 LHO,21229
KQ10 PXV,18157
DG10 LFU,9487
AA13 IAG,20027
YI14 CIE,18918
NV63 XCA,15251
BO12 SUI,10767
FG65 JNY,19068
NO59 BDD,11196
QZ05 JXQ,1872
FP63 ELT,20468
TP56 FRB,5516
HK56 LBC,4326
JZ66 QHU,14735
MD09 BSL,8521
OD06 WKK,4612
AV08 ZTV,11590
MA55 NDP,3887
WS06 TDI,3821
AB07 YHY,4823
UI61 QAE,10421
PW16 FEM,15036
ZN08 LZV,8305
WR58 KVE,9066
FQ06 EIP,6586
UI06 PCO,6192
TD57 CUH,5921
VA60 YFE,6213
BC09 DCI,11054
HL59 JXW,11474
AU57 CAN,6099
KA61 UAP,15927
DQ66 XSG,20122
BE16 RSQ,11589
YD13 KOJ,9329
AX59 DFF,5209
LZ09 ANQ,11960
NV56 CRR,8959
VU14 XXL,22809
ZI05 WAC,4560
CZ56 TJO,6066
SD56 FHI,7291
BA65 UNI,10372
YO13 RNQ,9118
YN08 XEO,8042
NO66 RGR,31440
UN64 XNF,22584
AJ07 FMS,7388
WH11 LPV,15152
BK14 YIZ,16485
XF55 ROZ,4517
GV16 KSH,31616
VJ13 XRA,8743
VA66 YAT,16985
WO11 EQX,11790
OR14 TSZ,26911
EZ13 GBQ,15047
HT60 TDJ,10944
YX15 OFX,14491
VK15 PAI,14286
UK12 ORP,19738
QQ09 OPJ,10328
PK08 DHA,8014
XJ08 JKQ,9132
AZ57 TIP,9730
DN57 UYC,10876
WK10 YNH,6656
XG63 EUY,20090
NL08 XOP,9994
ML59 FNT,13364
NZ55 OGU,3789
BQ60 NOV,6119
XI57 IBC,5715
NQ58 WEL,10844
WU06 HMY,8968
PI08 OKH,9783
PF66 NEO,27084
XN07 KAT,5475
HM05 OKT,3098
YQ05 QXV,4085
EJ62 PEZ,21342
CB63 UYJ,16570
BT14 ESG,25211
VB16 XFB,17648
CZ58 OZA,7423
PD09 QKG,10228
DT65 PIX,24415
IY12 ORH,12759
HR10 CSF,6406
ZA58 NYZ,5131
JF57 DFN,8491
YO61 GZU,12271
BB65 MFL,17019
AS66 HFU,18216
QR61 POT,16087
FX14 KHU,15274
RQ58 RLG,5974
SG13 JJN,11271
WZ62 PCH,8305
TO55 HPQ,3466
SA07 UIK,5649
ID15 TPV,16292
QN61 NWP,11880
AK08 ZQA,10300
TL10 WQZ,10812
IJ07 RUF,3809
UG58 ZSF,7146
LQ13 SAT,19820
PP57 LLO,7959
XN60 WTK,17471
PA57 KIM,4586
TK13 XNY,13862
XH08 IQV,11603
YY56 DKG,7148
XH60 BFW,13227
HZ59 LCS,11001
GT13 XQA,12203
NN65 NKV,25629
KE61 NHE,18820
QB14 XBO,9929
ME12 TOX,19034
WG12 MBP,19596
AZ13 ZXQ,19725
DG56 OTF,6611
RI15 TAB,28287
QM10 QSK,15271
QK63 KVB,24988
IW56 NII,7754
TS13 FNU,13475
IO08 OSG,7020
OU09 OBE,15782
KD09 AEP,12639
ZX08 QGV,7380
AI65 GCD,23614
DF56 WWX,4482
LT55 XPJ,4355
RP06 IEJ,7029
KH58 WED,13478
EU09 TAW,14041
GD10 GLX,11241
VU16 IGA,29751
NN66 KEM,26053
JE65 RLO,21569
WX55 TZE,4072
LK56 OBG,4695
OB13 WUK,24384
YJ12 GKF,7884
JD08 OZS,9923
BN55 JOM,5928
IT11 QOQ,11442
NH09 DUP,5318
SP64 HOA,16875
TI07 SUQ,6019
SK63 VNZ,14470
NJ63 TEU,18932
XB63 TSG,9419
BL12 UYT,12974
QM55 TSM,2521
CG66 NYX,21126
RP61 YMU,19736
PA60 EJT,14654
RY07 UTT,8336
HS08 VAU,8926
BT16 SEJ,22473
NT56 GJI,2988
SF55 EVX,3980
UO60 WNR,18179
LT56 QMM,4028
JV64 YXP,22451
LW56 HLQ,5681
FQ05 GJA,5062
ZV08 RMP,8560
DO60 AWX,14511
CU61 SJR,14164
SL57 EWC,5329
XZ07 CMX,7953
SB08 JXN,9387
DB60 DMJ,14501
WJ07 LBD,8144
UA15 FET,21395
DW11 NSK,11167
SM14 ITX,21653
TR10 JQW,12705
RF58 FZH,8041
OW65 PUV,10763
SI60 TMK,13503
YK09 ZPG,12017
IV62 CZA,16790
CN07 JSC,7252
JT11 YUS,18491
WG58 FUY,7656
SS66 XKK,15229
OC07 DTX,6066
UY13 BYP,18347
LL12 RXX,7892
KZ66 GGD,19887
TH15 DKX,19413
PW16 UCP,25158
XX57 CMQ,6363
KJ11 CZE,11240
TA14 ZBI,17721
UN57 RXU,6989
DX12 ACW,18524
IG60 YSO,6347
IC08 DBH,6327
RD64 YQU,23708
WK12 MYF,8574
MA65 VYZ,27520
VJ57 MZY,6672
FY59 IBN,8510
PN55 LYU,5410
LJ06 LLO,4567
NH11 KZR,13384
ZW13 AQU,18563
GE07 QGT,8550
GZ06 EJY,3234
FL64 VEZ,14411
OR57 WKX,6820
DF14 UMV,17372
AH63 QMC,19661
PG13 VVC,18834
SL62 DLH,18932
ND66 FEC,21218
DU05 QXW,3613
PD55 HBV,5553
MX12 NIO,10608
RE07 ZNP,5952
ET08 ITO,10051
OT13 YGZ,9162
NO60 MDQ,15081
AR10 REH,14122
OK64 EDY,13269
WJ10 WQD,13571
PW05 RFB,5793
YO08 CXI,7591
SP06 VMN,6047
WZ63 AEY,19795
CE65 RJG,10791
GQ57 MKL,7190
PX57 UAJ,6757
MU64 QZH,21940
TY58 EXV,13167
EJ13 OLO,17320
KB05 VPU,2978
RA58 WFK,7113
GT57 LZA,9638
HQ55 FZO,3916
XV58 KXN,7124
SA08 XNL,6838
CS66 MLE,20980
RD06 BOR,4980
ZU06 RIU,6472
IA59 EQW,11555
YE57 JCN,7599
NL12 GYI,13804
CM64 XPY,14484
LZ58 UFK,6718
ZD15 FPM,17543
KR59 MNK,8683
KK57 KCP,5932
QC62 PQD,19730
ZF15 JAS,16772
OQ64 TNF,21639
HV06 JJC,5239
XW15 UHI,17828
MY11 CVN,18455
DG56 YZP,7178
AJ65 OGK,15687
GT11 YFJ,11432
CX06 ESG,6106
ZA65 UUQ,10963
WH05 ZQJ,5017
JH60 OUP,14621
WZ14 ZNM,19659
IP15 PZK,17388
YT16 QPI,11267
RO61 VLT,11324
KW06 PJE,5738
ZN15 QAY,15845
YY58 AKI,8226
OO13 OSG,18585
SQ66 QEX,11713
RT61 OJW,7455
UU09 JOV,9575
FB63 QRS,20426
IG05 QOL,3607
IU08 BRO,8850
UL06 RUS,3662
BM61 LHG,12204
BC55 KAP,4098
VE57 GYX,4210
WL12 NBM,16854
VU07 OYT,4932
FB56 RXD,6058
SG08 RLZ,7672
YQ15 RNH,29115
MH63 RUU,13453
ZQ06 DUG,5155
IO14 QAS,22503
MP12 EDR,12516
NB05 PUO,5208
FN11 OTA,16413
VC09 TPO,15648
VH59 CMA,12612
WG05 AVE,4724
QF62 KBO,10949
HJ59 RZA,7754
BS05 PEL,3032
VV05 IVO,1755
QB05 NLK,2167
RX61 LZL,7500
HQ12 FFV,13495
QR07 FOB,5923
DH61 MFD,17803
NI55 HOJ,1743
IH55 AIF,3857
RW14 OJO,20388
VJ62 UOW,12503
LP64 WCQ,25100
HG66 DKF,22654
TJ15 LXF,23099
WK59 WPC,13492
OA12 HCJ,12732
GR11 PHW,11283
HF60 YJM,15556
MX61 FGH,10775
YH60 TGE,9395
EG62 JFH,16206
SU60 UPS,9386
QS05 UKV,4249
MP55 IXS,3251
OM64 QMO,10135
YZ56 OZF,7401
OW61 ZUG,11514
EZ14 PFC,19893
PB05 UGQ,2342
ZE55 NZU,4035
XR08 KWK,10410
TS05 VEB,3244
HL58 TXW,13413
MY63 HLS,24541
ZW66 ORZ,24930
HZ13 ZGO,11817
EE10 FFB,9201
OH09 QOT,9176
FZ65 TIY,20910
ZQ56 ZTW,4737
PH06 BNK,5332
TK16 YXN,14812
IM57 LHR,7580
BP58 GBO,6655
BA12 FDD,18884
JU60 VWN,16690
EC66 YDP,17960
HC13 GPG,8961
HE66 PVL,22477
IX55 KIA,3992
RO63 FOH,24744
GN08 CLW,10786
SW59 JGG,8806
YN63 MYP,12198
PL56 ANE,4157
GL11 NAY,16902
IM65 EMB,17869
AI15 JWY,25294
MW60 RSY,10156
RU14 CKU,13210
QX16 VSF,20303
RI12 YLV,17337
ML62 URT,11059
UE16 THX,26177
LC64 DAC,19726
HS57 YVK,8151
CK06 PBQ,7177
LM06 WUA,4851
XX15 PBF,23169
ST13 YBU,14357
VC63 HSO,23229
BT11 WQE,15510
OH62 ZJU,11980
XD64 WNQ,23293
PQ05 QZZ,2360
PZ09 SWY,13840
OF13 HDQ,13425
RA66 UNX,31277
PW16 BSA,25263
AL06 GTC,5072
GS10 EUV,6828
VY58 OMC,5623
LW56 DED,5101
DI14 LFB,13300
KP56 TPZ,5232
QZ09 OHB,10444
QU66 DJM,18691
QQ58 GIE,5862
HX11 WWX,11590
SR58 ROF,7145
WT59 RXE,12610
KE63 OIR,18337
OP14 CLI,15681
VG59 YPU,15601
QT55 MKQ,2551
PU11 POI,15737
XX08 KIK,9216
KZ62 ISP,15027
YN65 BRL,23918
YH62 UQI,12841
AO65 HPU,19540
VK09 LJL,9185
JH57 UVR,9216
TJ12 CLM,13531
HF12 JUU,10559
PV58 XRK,9031
JN05 PJG,4759
PH55 LCK,5464
ME15 CAR,21508
OB06 JBT,7904
UP07 TWW,6365
EK15 SPJ,16705
BB66 EGI,22649
IM09 JYB,9661
IO10 KQY,11489
FZ63 WWD,11670
TB05 RLG,3857
CD62 QMS,11883
ZI55 SMT,2000
GO10 KVZ,9735
EW09 SKM,12433
GT12 TDY,21610
NH09 IYS,10859
WV61 NQX,16254
DQ15 WOJ,27383
LL57 XVF,6239
WW11 JHZ,15612
CC08 RPM,4890
ZO66 QDD,22435
VR10 ICV,16769
ZM14 RBH,12369
UU61 MKG,9355
MF06 GHN,5831
HO05 FXF,6609
PT11 HKX,13554
DF09 LZX,13349
VH63 GBH,20272
RX13 COZ,15098
SG55 WSH,3934
SJ61 JIM,14808
LS65 QZT,17811
EG12 HZX,19177
ZC15 JVF,18292
XT05 QBL,4895
TA66 FQX,18807
HJ63 FOJ,16114
WE61 AQD,17811
HT65 TVO,14252
NN12 HDF,17537
GX13 UUI,23864
IG07 HLN,11137
YF16 BCN,22595
XS05 PVX,5750
AK13 TIN,14707
PQ11 XOF,11178
YB56 NSX,6533
AV07 JOT,8767
QU61 WXA,12163
BG65 PWW,20670
RG13 TTP,16604
LV57 DXZ,3739
VK08 JWQ,10830
UJ06 AGO,7537
NK08 VRW,11281
LM63 KDG,19452
PU61 LDT,10470
FQ07 OIC,9765
NN12 OMW,17531
LM11 JCL,18812
XJ58 ZLL,5667
KD59 KZE,14890
UD60 JJH,14452
AX16 MST,20130
CG65 XZS,16990
QQ12 GTD,16944
NY16 YBU,11832
CZ11 SHE,12096
EM62 MGP,22729
RJ55 EGM,2818
FA06 RZT,5765
HF13 BLY,15546
PW11 NHV,16092
HX62 JOJ,22340
IP14 XSC,16241
MU57 QDG,6214
NW07 CLM,4953
RZ56 VNZ,5888
BF64 BKE,17309
PQ62 YMH,12976
