datetime,distance
2018-02-05 00:00:00,0.172028599017
2018-02-05 00:01:00,0.379799201046
2018-02-05 00:02:00,0.881766233826
2018-02-05 00:03:00,0.0704494525627
2018-02-05 00:04:00,0.227322373463
2018-02-05 00:05:00,0.872156302583
2018-02-05 00:06:00,6.53206426388
2018-02-05 00:07:00,0.774769592305
2018-02-05 00:08:00,0.916500566042
2018-02-05 00:09:00,3.53872719668
2018-02-05 00:10:00,0.200375644146
2018-02-05 00:11:00,6.75050784096
2018-02-05 00:12:00,0.0
2018-02-05 00:13:00,2.42994761321
2018-02-05 00:14:00,5.04524365297
2018-02-05 00:15:00,1.86565908379
2018-02-05 00:16:00,4.62698754467
2018-02-05 00:17:00,0.0
2018-02-05 00:18:00,0.431836598774
2018-02-05 00:19:00,2.11122924109
2018-02-05 00:20:00,0.0
2018-02-05 00:21:00,0.641135676972
2018-02-05 00:22:00,6.93112810093
2018-02-05 00:23:00,0.0735692442014
2018-02-05 00:24:00,3.12415723192
2018-02-05 00:25:00,0.0
2018-02-05 00:26:00,1.14632546411
2018-02-05 00:27:00,3.03385951376
2018-02-05 00:28:00,2.65450293345
2018-02-05 00:29:00,3.9344019265
2018-02-05 00:30:00,0.340439828323
2018-02-05 00:31:00,1.22508071851
2018-02-05 00:32:00,0.108473762937
2018-02-05 00:33:00,2.52555375898
2018-02-05 00:34:00,2.45170291982
2018-02-05 00:35:00,4.9406118493
2018-02-05 00:36:00,0.0
2018-02-05 00:37:00,3.22587908638
2018-02-05 00:38:00,0.171737140062
2018-02-05 00:39:00,0.451339191355
2018-02-05 00:40:00,1.45844192649
2018-02-05 00:41:00,5.0612343314
2018-02-05 00:42:00,1.28854395874
2018-02-05 00:43:00,0.490743779096
2018-02-05 00:44:00,7.6816563138
2018-02-05 00:45:00,1.41572194765
2018-02-05 00:46:00,0.807297200259
2018-02-05 00:47:00,0.201087616929
2018-02-05 00:48:00,2.97265018617
2018-02-05 00:49:00,1.3180108898
2018-02-05 00:50:00,6.85192971795
2018-02-05 00:51:00,0.0
2018-02-05 00:52:00,3.83482874844
2018-02-05 00:53:00,4.40997797388
2018-02-05 00:54:00,2.3324568637
2018-02-05 00:55:00,0.0
2018-02-05 00:56:00,6.36369812125
2018-02-05 00:57:00,1.77806113744
2018-02-05 00:58:00,6.19265832933
2018-02-05 00:59:00,1.0626769022
2018-02-05 01:00:00,0.112093343559
2018-02-05 01:01:00,4.15175854726
2018-02-05 01:02:00,3.02991073876
2018-02-05 01:03:00,0.993974103233
2018-02-05 01:04:00,0.68663154051
2018-02-05 01:05:00,0.459767446825
2018-02-05 01:06:00,0.688808643658
2018-02-05 01:07:00,4.50474371373
2018-02-05 01:08:00,0.386337358858
2018-02-05 01:09:00,0.508364966409
2018-02-05 01:10:00,4.20634657715
2018-02-05 01:11:00,3.30625324863
2018-02-05 01:12:00,3.37154236377
2018-02-05 01:13:00,0.378024933738
2018-02-05 01:14:00,6.67321369149
2018-02-05 01:15:00,1.96842162184
2018-02-05 01:16:00,0.17538415514
2018-02-05 01:17:00,0.0
2018-02-05 01:18:00,3.71458595087
2018-02-05 01:19:00,4.06004969127
2018-02-05 01:20:00,0.259285478639
2018-02-05 01:21:00,0.0
2018-02-05 01:22:00,2.42985904574
2018-02-05 01:23:00,0.964919756337
2018-02-05 01:24:00,1.64228647656
2018-02-05 01:25:00,2.48443056874
2018-02-05 01:26:00,4.01208848218
2018-02-05 01:27:00,0.879709666043
2018-02-05 01:28:00,6.37680292073
2018-02-05 01:29:00,0.108877816427
2018-02-05 01:30:00,0.804197094394
2018-02-05 01:31:00,5.17144097987
2018-02-05 01:32:00,4.354412567
2018-02-05 01:33:00,0.0704192850426
2018-02-05 01:34:00,0.359705964685
2018-02-05 01:35:00,2.05954299764
2018-02-05 01:36:00,0.0
2018-02-05 01:37:00,8.86169586234
2018-02-05 01:38:00,0.501934254042
2018-02-05 01:39:00,0.01385360376
2018-02-05 01:40:00,0.0
2018-02-05 01:41:00,0.443014408267
2018-02-05 01:42:00,1.6309701333
2018-02-05 01:43:00,0.0
2018-02-05 01:44:00,0.5417971514
2018-02-05 01:45:00,0.044236263193
2018-02-05 01:46:00,3.2617891767
2018-02-05 01:47:00,1.777941329
2018-02-05 01:48:00,1.54762938317
2018-02-05 01:49:00,0.0
2018-02-05 01:50:00,1.47609645203
2018-02-05 01:51:00,5.3616463022
2018-02-05 01:52:00,1.15634838253
2018-02-05 01:53:00,1.40658996253
2018-02-05 01:54:00,4.10370819609
2018-02-05 01:55:00,3.74425899616
2018-02-05 01:56:00,5.94217586065
2018-02-05 01:57:00,7.32769238978
2018-02-05 01:58:00,2.41131519831
2018-02-05 01:59:00,1.08799298103
2018-02-05 02:00:00,11.6046219884
2018-02-05 02:01:00,6.16642993551
2018-02-05 02:02:00,17.1234688351
2018-02-05 02:03:00,4.45019477561
2018-02-05 02:04:00,1.60386507792
2018-02-05 02:05:00,3.96109347722
2018-02-05 02:06:00,1.32795101971
2018-02-05 02:07:00,5.53987653846
2018-02-05 02:08:00,9.66582349689
2018-02-05 02:09:00,6.04061942289
2018-02-05 02:10:00,5.6612201585
2018-02-05 02:11:00,9.36315346423
2018-02-05 02:12:00,8.77775610001
2018-02-05 02:13:00,3.40556295593
2018-02-05 02:14:00,1.26963537963
2018-02-05 02:15:00,0.966778895891
2018-02-05 02:16:00,2.69801155031
2018-02-05 02:17:00,3.07124018575
2018-02-05 02:18:00,6.3827398413
2018-02-05 02:19:00,1.46187196267
2018-02-05 02:20:00,4.5391593917
2018-02-05 02:21:00,0.0
2018-02-05 02:22:00,3.62098018414
2018-02-05 02:23:00,0.203629352085
2018-02-05 02:24:00,0.823442148185
2018-02-05 02:25:00,1.80534662728
2018-02-05 02:26:00,1.33452390717
2018-02-05 02:27:00,8.46064956485
2018-02-05 02:28:00,9.25618933969
2018-02-05 02:29:00,3.98822881606
2018-02-05 02:30:00,2.6736754627
2018-02-05 02:31:00,0.829303421077
2018-02-05 02:32:00,3.97088008322
2018-02-05 02:33:00,0.0
2018-02-05 02:34:00,1.69200764108
2018-02-05 02:35:00,14.7522214596
2018-02-05 02:36:00,3.75588132214
2018-02-05 02:37:00,10.1070901084
2018-02-05 02:38:00,3.22476031901
2018-02-05 02:39:00,5.87827262634
2018-02-05 02:40:00,1.28761541323
2018-02-05 02:41:00,11.4517639497
2018-02-05 02:42:00,0.931481706932
2018-02-05 02:43:00,0.842183600828
2018-02-05 02:44:00,1.38779307775
2018-02-05 02:45:00,5.03724056552
2018-02-05 02:46:00,0.911252875918
2018-02-05 02:47:00,6.89242950037
2018-02-05 02:48:00,1.88352629059
2018-02-05 02:49:00,2.80215512041
2018-02-05 02:50:00,3.08972678504
2018-02-05 02:51:00,8.8252456012
2018-02-05 02:52:00,5.9497847171
2018-02-05 02:53:00,0.0
2018-02-05 02:54:00,8.69949197945
2018-02-05 02:55:00,6.69530539563
2018-02-05 02:56:00,3.94399904601
2018-02-05 02:57:00,1.72966973926
2018-02-05 02:58:00,0.0
2018-02-05 02:59:00,0.0
2018-02-05 03:00:00,19.9751167284
2018-02-05 03:01:00,2.34980467173
2018-02-05 03:02:00,9.86280631008
2018-02-05 03:03:00,4.22275788322
2018-02-05 03:04:00,0.0
2018-02-05 03:05:00,7.63404696236
2018-02-05 03:06:00,0.0
2018-02-05 03:07:00,14.7894158378
2018-02-05 03:08:00,0.0
2018-02-05 03:09:00,14.2218417944
2018-02-05 03:10:00,2.42065441713
2018-02-05 03:11:00,7.74179985581
2018-02-05 03:12:00,1.66603882993
2018-02-05 03:13:00,24.0864885453
2018-02-05 03:14:00,3.01614566766
2018-02-05 03:15:00,7.10134194776
2018-02-05 03:16:00,1.22603123322
2018-02-05 03:17:00,9.95560986951
2018-02-05 03:18:00,0.368595461083
2018-02-05 03:19:00,8.27894876243
2018-02-05 03:20:00,5.55846520694
2018-02-05 03:21:00,11.248039813
2018-02-05 03:22:00,3.39514044709
2018-02-05 03:23:00,16.567529553
2018-02-05 03:24:00,4.68626147153
2018-02-05 03:25:00,11.3681914384
2018-02-05 03:26:00,15.4917176681
2018-02-05 03:27:00,0.576314420728
2018-02-05 03:28:00,0.0
2018-02-05 03:29:00,1.41489350786
2018-02-05 03:30:00,20.8387646607
2018-02-05 03:31:00,2.58733646818
2018-02-05 03:32:00,19.9381941928
2018-02-05 03:33:00,15.7689581099
2018-02-05 03:34:00,14.4005298597
2018-02-05 03:35:00,6.82628362566
2018-02-05 03:36:00,1.45902756787
2018-02-05 03:37:00,0.0
2018-02-05 03:38:00,11.4940998461
2018-02-05 03:39:00,25.9323926782
2018-02-05 03:40:00,10.686743849
2018-02-05 03:41:00,0.157711739256
2018-02-05 03:42:00,1.39063189086
2018-02-05 03:43:00,17.8453970552
2018-02-05 03:44:00,1.92715327464
2018-02-05 03:45:00,21.5172066868
2018-02-05 03:46:00,9.94310332691
2018-02-05 03:47:00,5.53196481313
2018-02-05 03:48:00,6.7717252638
2018-02-05 03:49:00,4.61323712371
2018-02-05 03:50:00,2.74513883696
2018-02-05 03:51:00,13.1289499143
2018-02-05 03:52:00,0.0
2018-02-05 03:53:00,14.5274697001
2018-02-05 03:54:00,20.157180383
2018-02-05 03:55:00,11.7691427523
2018-02-05 03:56:00,0.698309093999
2018-02-05 03:57:00,4.05180967194
2018-02-05 03:58:00,6.7844779751
2018-02-05 03:59:00,11.1448356971
2018-02-05 04:00:00,5.07957423667
2018-02-05 04:01:00,0.0
2018-02-05 04:02:00,5.21699122126
2018-02-05 04:03:00,25.627325056
2018-02-05 04:04:00,0.2922910341
2018-02-05 04:05:00,8.95060283075
2018-02-05 04:06:00,14.890893903
2018-02-05 04:07:00,2.34893279861
2018-02-05 04:08:00,15.072583236
2018-02-05 04:09:00,8.98548541508
2018-02-05 04:10:00,3.74288417937
2018-02-05 04:11:00,1.41283287055
2018-02-05 04:12:00,7.28162031515
2018-02-05 04:13:00,1.81189776337
2018-02-05 04:14:00,1.39590914548
2018-02-05 04:15:00,5.49406826831
2018-02-05 04:16:00,0.0
2018-02-05 04:17:00,1.85027092392
2018-02-05 04:18:00,17.4789487848
2018-02-05 04:19:00,28.8613620206
2018-02-05 04:20:00,0.623492715927
2018-02-05 04:21:00,17.7921147993
2018-02-05 04:22:00,0.0
2018-02-05 04:23:00,13.00364256
2018-02-05 04:24:00,1.3031924321
2018-02-05 04:25:00,8.37131644374
2018-02-05 04:26:00,0.314342521791
2018-02-05 04:27:00,0.0
2018-02-05 04:28:00,0.0
2018-02-05 04:29:00,0.182046307164
2018-02-05 04:30:00,0.0
2018-02-05 04:31:00,3.69331471782
2018-02-05 04:32:00,16.8873521595
2018-02-05 04:33:00,9.25251248402
2018-02-05 04:34:00,6.64917538865
2018-02-05 04:35:00,6.59895023284
2018-02-05 04:36:00,17.4842609636
2018-02-05 04:37:00,12.9064259103
2018-02-05 04:38:00,1.7379999094
2018-02-05 04:39:00,28.4324398094
2018-02-05 04:40:00,3.88067075202
2018-02-05 04:41:00,25.0317533054
2018-02-05 04:42:00,2.37023804291
2018-02-05 04:43:00,11.8635831092
2018-02-05 04:44:00,3.50652671665
2018-02-05 04:45:00,15.4709431714
2018-02-05 04:46:00,0.975545486031
2018-02-05 04:47:00,26.4518849153
2018-02-05 04:48:00,17.5946013415
2018-02-05 04:49:00,13.0558130907
2018-02-05 04:50:00,0.0
2018-02-05 04:51:00,3.04604171941
2018-02-05 04:52:00,3.9785934971
2018-02-05 04:53:00,2.30867524282
2018-02-05 04:54:00,7.71234987091
2018-02-05 04:55:00,7.1824821338
2018-02-05 04:56:00,4.21236458761
2018-02-05 04:57:00,7.05286968366
2018-02-05 04:58:00,14.2357932862
2018-02-05 04:59:00,19.2239865741
2018-02-05 05:00:00,29.9298931721
2018-02-05 05:01:00,10.2223082193
2018-02-05 05:02:00,2.59099844879
2018-02-05 05:03:00,12.2515516102
2018-02-05 05:04:00,2.63368697386
2018-02-05 05:05:00,12.4537822646
2018-02-05 05:06:00,1.59374821227
2018-02-05 05:07:00,20.2828058638
2018-02-05 05:08:00,22.4442525755
2018-02-05 05:09:00,33.554581379
2018-02-05 05:10:00,5.927225866
2018-02-05 05:11:00,3.0094201738
2018-02-05 05:12:00,14.2133581966
2018-02-05 05:13:00,24.5639841774
2018-02-05 05:14:00,16.5639926909
2018-02-05 05:15:00,30.2404630614
2018-02-05 05:16:00,31.4794699344
2018-02-05 05:17:00,2.94562111282
2018-02-05 05:18:00,32.8467399925
2018-02-05 05:19:00,17.3109171984
2018-02-05 05:20:00,0.0
2018-02-05 05:21:00,14.6552791077
2018-02-05 05:22:00,4.23788632826
2018-02-05 05:23:00,0.0
2018-02-05 05:24:00,4.25436786721
2018-02-05 05:25:00,5.16128692451
2018-02-05 05:26:00,5.15749906278
2018-02-05 05:27:00,19.6767865973
2018-02-05 05:28:00,12.6054765802
2018-02-05 05:29:00,1.90041199339
2018-02-05 05:30:00,7.60571659918
2018-02-05 05:31:00,2.00306102515
2018-02-05 05:32:00,0.525657484376
2018-02-05 05:33:00,0.0
2018-02-05 05:34:00,17.6657698875
2018-02-05 05:35:00,13.1187522389
2018-02-05 05:36:00,8.92481677462
2018-02-05 05:37:00,14.3559258641
2018-02-05 05:38:00,0.0
2018-02-05 05:39:00,2.68656817552
2018-02-05 05:40:00,3.32015312324
2018-02-05 05:41:00,12.2267979655
2018-02-05 05:42:00,14.7822234318
2018-02-05 05:43:00,1.34527771455
2018-02-05 05:44:00,3.54353284532
2018-02-05 05:45:00,9.64126394962
2018-02-05 05:46:00,35.3713922833
2018-02-05 05:47:00,1.60387111669
2018-02-05 05:48:00,2.82024420824
2018-02-05 05:49:00,2.96670976301
2018-02-05 05:50:00,0.0
2018-02-05 05:51:00,8.29211999275
2018-02-05 05:52:00,18.4767349345
2018-02-05 05:53:00,3.35545110069
2018-02-05 05:54:00,14.6362676246
2018-02-05 05:55:00,0.0
2018-02-05 05:56:00,21.8088762537
2018-02-05 05:57:00,9.18367334309
2018-02-05 05:58:00,19.335256339
2018-02-05 05:59:00,17.6396348842
2018-02-05 06:00:00,6.73290144143
2018-02-05 06:01:00,20.8880296556
2018-02-05 06:02:00,25.3745359045
2018-02-05 06:03:00,18.4526367307
2018-02-05 06:04:00,0.0
2018-02-05 06:05:00,32.8506717992
2018-02-05 06:06:00,2.19459524711
2018-02-05 06:07:00,13.247493942
2018-02-05 06:08:00,10.5016698335
2018-02-05 06:09:00,7.72712007066
2018-02-05 06:10:00,45.9983576311
2018-02-05 06:11:00,0.253123268635
2018-02-05 06:12:00,2.50150227536
2018-02-05 06:13:00,2.63232211013
2018-02-05 06:14:00,0.886226767332
2018-02-05 06:15:00,0.0
2018-02-05 06:16:00,2.9847658816
2018-02-05 06:17:00,33.9811622199
2018-02-05 06:18:00,3.93339472549
2018-02-05 06:19:00,20.3467285231
2018-02-05 06:20:00,26.6754151221
2018-02-05 06:21:00,23.8503580003
2018-02-05 06:22:00,8.61749753105
2018-02-05 06:23:00,35.1570629341
2018-02-05 06:24:00,5.15646880024
2018-02-05 06:25:00,9.74709623768
2018-02-05 06:26:00,16.6362614129
2018-02-05 06:27:00,7.4592369785
2018-02-05 06:28:00,6.5269799593
2018-02-05 06:29:00,6.82372001626
2018-02-05 06:30:00,31.2797549922
2018-02-05 06:31:00,32.7817485455
2018-02-05 06:32:00,3.77054925352
2018-02-05 06:33:00,19.089013207
2018-02-05 06:34:00,19.1767156575
2018-02-05 06:35:00,11.2318976238
2018-02-05 06:36:00,5.47663774344
2018-02-05 06:37:00,0.0
2018-02-05 06:38:00,33.7838451133
2018-02-05 06:39:00,19.1473607729
2018-02-05 06:40:00,4.29872240394
2018-02-05 06:41:00,6.64235346759
2018-02-05 06:42:00,11.9144271221
2018-02-05 06:43:00,0.0
2018-02-05 06:44:00,24.0989816315
2018-02-05 06:45:00,10.9883738465
2018-02-05 06:46:00,46.8787531093
2018-02-05 06:47:00,12.8729710273
2018-02-05 06:48:00,3.7862467026
2018-02-05 06:49:00,41.8667252418
2018-02-05 06:50:00,22.4301808546
2018-02-05 06:51:00,0.0
2018-02-05 06:52:00,20.774898599
2018-02-05 06:53:00,18.5426541306
2018-02-05 06:54:00,7.22004665387
2018-02-05 06:55:00,20.3269034138
2018-02-05 06:56:00,9.14973940406
2018-02-05 06:57:00,20.2632836988
2018-02-05 06:58:00,15.5613289462
2018-02-05 06:59:00,22.0441386689
2018-02-05 07:00:00,11.6862898865
2018-02-05 07:01:00,4.77803127064
2018-02-05 07:02:00,60.4358512017
2018-02-05 07:03:00,1.1925135381
2018-02-05 07:04:00,13.9835374688
2018-02-05 07:05:00,0.782333453108
2018-02-05 07:06:00,19.5060488407
2018-02-05 07:07:00,28.8683333207
2018-02-05 07:08:00,28.2310031009
2018-02-05 07:09:00,21.2173718624
2018-02-05 07:10:00,1.74048523909
2018-02-05 07:11:00,16.8098381729
2018-02-05 07:12:00,1.49712505431
2018-02-05 07:13:00,29.5922734304
2018-02-05 07:14:00,0.173293395802
2018-02-05 07:15:00,1.97161288757
2018-02-05 07:16:00,7.67195798005
2018-02-05 07:17:00,0.0
2018-02-05 07:18:00,5.19590632782
2018-02-05 07:19:00,0.0
2018-02-05 07:20:00,31.9092052302
2018-02-05 07:21:00,2.99351802563
2018-02-05 07:22:00,5.88274537855
2018-02-05 07:23:00,17.4736497678
2018-02-05 07:24:00,2.49548686871
2018-02-05 07:25:00,4.89292875958
2018-02-05 07:26:00,5.71369695075
2018-02-05 07:27:00,1.9332968929
2018-02-05 07:28:00,27.4592116303
2018-02-05 07:29:00,44.4416807522
2018-02-05 07:30:00,46.2946480874
2018-02-05 07:31:00,0.0
2018-02-05 07:32:00,51.7870578297
2018-02-05 07:33:00,3.77393244587
2018-02-05 07:34:00,26.0198902811
2018-02-05 07:35:00,15.3766586161
2018-02-05 07:36:00,9.57304422021
2018-02-05 07:37:00,23.6343755451
2018-02-05 07:38:00,10.418096306
2018-02-05 07:39:00,15.8123528941
2018-02-05 07:40:00,9.78248548302
2018-02-05 07:41:00,9.80147836764
2018-02-05 07:42:00,15.0921692296
2018-02-05 07:43:00,1.02807754809
2018-02-05 07:44:00,50.7314228083
2018-02-05 07:45:00,14.9300812317
2018-02-05 07:46:00,0.0
2018-02-05 07:47:00,13.2136944465
2018-02-05 07:48:00,26.0465709596
2018-02-05 07:49:00,32.967032848
2018-02-05 07:50:00,29.5357849099
2018-02-05 07:51:00,34.525784368
2018-02-05 07:52:00,5.1429825123
2018-02-05 07:53:00,1.13068350555
2018-02-05 07:54:00,15.6855547606
2018-02-05 07:55:00,6.51263530661
2018-02-05 07:56:00,12.5009299155
2018-02-05 07:57:00,28.1995505443
2018-02-05 07:58:00,5.20899066289
2018-02-05 07:59:00,9.67349337504
2018-02-05 08:00:00,29.9202146665
2018-02-05 08:01:00,11.6811635532
2018-02-05 08:02:00,43.6514792802
2018-02-05 08:03:00,22.5074657454
2018-02-05 08:04:00,0.0
2018-02-05 08:05:00,29.6813578929
2018-02-05 08:06:00,27.0749502485
2018-02-05 08:07:00,4.56703307385
2018-02-05 08:08:00,14.9630409033
2018-02-05 08:09:00,21.4126630107
2018-02-05 08:10:00,6.97182158099
2018-02-05 08:11:00,15.0642871906
2018-02-05 08:12:00,0.0
2018-02-05 08:13:00,11.8768591587
2018-02-05 08:14:00,30.9780626107
2018-02-05 08:15:00,5.91362282019
2018-02-05 08:16:00,32.835004382
2018-02-05 08:17:00,32.0452156336
2018-02-05 08:18:00,7.99757317992
2018-02-05 08:19:00,1.42838739433
2018-02-05 08:20:00,13.6771648344
2018-02-05 08:21:00,15.7891288462
2018-02-05 08:22:00,8.25648076601
2018-02-05 08:23:00,0.0
2018-02-05 08:24:00,48.616349286
2018-02-05 08:25:00,6.89041837472
2018-02-05 08:26:00,4.73744767278
2018-02-05 08:27:00,30.9460407473
2018-02-05 08:28:00,65.9312442908
2018-02-05 08:29:00,0.272731555278
2018-02-05 08:30:00,3.82327648146
2018-02-05 08:31:00,10.198066806
2018-02-05 08:32:00,8.42175736096
2018-02-05 08:33:00,9.84590487659
2018-02-05 08:34:00,0.0
2018-02-05 08:35:00,3.84178751544
2018-02-05 08:36:00,21.9656419013
2018-02-05 08:37:00,22.9043015555
2018-02-05 08:38:00,43.9551263143
2018-02-05 08:39:00,0.0
2018-02-05 08:40:00,0.0
2018-02-05 08:41:00,0.0
2018-02-05 08:42:00,20.3822830542
2018-02-05 08:43:00,23.1928354444
2018-02-05 08:44:00,0.0
2018-02-05 08:45:00,15.969099109
2018-02-05 08:46:00,32.9561639941
2018-02-05 08:47:00,0.775975107635
2018-02-05 08:48:00,14.8100747259
2018-02-05 08:49:00,11.4424043462
2018-02-05 08:50:00,36.579027803
2018-02-05 08:51:00,12.0718302525
2018-02-05 08:52:00,29.5038546705
2018-02-05 08:53:00,18.2638111505
2018-02-05 08:54:00,0.0
2018-02-05 08:55:00,0.0
2018-02-05 08:56:00,3.24775882245
2018-02-05 08:57:00,8.57839283676
2018-02-05 08:58:00,28.7760628437
2018-02-05 08:59:00,7.45476300247
2018-02-05 09:00:00,59.7789324637
2018-02-05 09:01:00,50.669911186
2018-02-05 09:02:00,7.19058422076
2018-02-05 09:03:00,39.9754526797
2018-02-05 09:04:00,0.713844128852
2018-02-05 09:05:00,23.3354538279
2018-02-05 09:06:00,42.0182032357
2018-02-05 09:07:00,62.0100203003
2018-02-05 09:08:00,30.4991030578
2018-02-05 09:09:00,55.8101977086
2018-02-05 09:10:00,0.0
2018-02-05 09:11:00,3.36912434779
2018-02-05 09:12:00,31.5068931409
2018-02-05 09:13:00,1.68040826823
2018-02-05 09:14:00,26.9230832128
2018-02-05 09:15:00,0.0
2018-02-05 09:16:00,8.28743835127
2018-02-05 09:17:00,0.0
2018-02-05 09:18:00,8.23239610482
2018-02-05 09:19:00,12.134181839
2018-02-05 09:20:00,42.1976204914
2018-02-05 09:21:00,48.3424816923
2018-02-05 09:22:00,4.54641325949
2018-02-05 09:23:00,14.5627083669
2018-02-05 09:24:00,48.0571750003
2018-02-05 09:25:00,48.1768583887
2018-02-05 09:26:00,10.9722366613
2018-02-05 09:27:00,5.7680216965
2018-02-05 09:28:00,17.8179641663
2018-02-05 09:29:00,27.2969659642
2018-02-05 09:30:00,0.0
2018-02-05 09:31:00,9.46743960718
2018-02-05 09:32:00,16.4273424762
2018-02-05 09:33:00,5.61420721879
2018-02-05 09:34:00,0.0
2018-02-05 09:35:00,43.6574750504
2018-02-05 09:36:00,22.5738290157
2018-02-05 09:37:00,65.8948486528
2018-02-05 09:38:00,2.32840286899
2018-02-05 09:39:00,22.4166297326
2018-02-05 09:40:00,12.2452142135
2018-02-05 09:41:00,2.33600078756
2018-02-05 09:42:00,3.90981538456
2018-02-05 09:43:00,46.4154878759
2018-02-05 09:44:00,14.2962347171
2018-02-05 09:45:00,13.1135948352
2018-02-05 09:46:00,75.5224907773
2018-02-05 09:47:00,0.0
2018-02-05 09:48:00,7.26781618693
2018-02-05 09:49:00,19.1093297646
2018-02-05 09:50:00,14.3001118285
2018-02-05 09:51:00,0.0
2018-02-05 09:52:00,45.2119820932
2018-02-05 09:53:00,28.8696842198
2018-02-05 09:54:00,13.8634250193
2018-02-05 09:55:00,1.86214310148
2018-02-05 09:56:00,37.9749068083
2018-02-05 09:57:00,7.41723896214
2018-02-05 09:58:00,52.7019495636
2018-02-05 09:59:00,12.9996210029
2018-02-05 10:00:00,17.4802897789
2018-02-05 10:01:00,2.02491035053
2018-02-05 10:02:00,1.05105301574
2018-02-05 10:03:00,4.04712714411
2018-02-05 10:04:00,21.5765908916
2018-02-05 10:05:00,18.4273184306
2018-02-05 10:06:00,46.6640730486
2018-02-05 10:07:00,0.748848397785
2018-02-05 10:08:00,29.0688579076
2018-02-05 10:09:00,18.8296578669
2018-02-05 10:10:00,12.207956743
2018-02-05 10:11:00,0.0
2018-02-05 10:12:00,53.3320380448
2018-02-05 10:13:00,10.8270263503
2018-02-05 10:14:00,0.579341682726
2018-02-05 10:15:00,2.66845950025
2018-02-05 10:16:00,0.251702718352
2018-02-05 10:17:00,0.0
2018-02-05 10:18:00,1.48538378593
2018-02-05 10:19:00,6.47920190301
2018-02-05 10:20:00,2.79664471364
2018-02-05 10:21:00,5.40697405894
2018-02-05 10:22:00,20.8396303538
2018-02-05 10:23:00,0.0
2018-02-05 10:24:00,1.58120015368
2018-02-05 10:25:00,38.370399056
2018-02-05 10:26:00,6.27561139048
2018-02-05 10:27:00,20.7462571675
2018-02-05 10:28:00,10.4144192137
2018-02-05 10:29:00,41.3866580559
2018-02-05 10:30:00,80.1375761914
2018-02-05 10:31:00,37.8546791684
2018-02-05 10:32:00,17.3232045599
2018-02-05 10:33:00,29.8667110319
2018-02-05 10:34:00,6.41773763094
2018-02-05 10:35:00,14.021037017
2018-02-05 10:36:00,19.0165511459
2018-02-05 10:37:00,3.37999348227
2018-02-05 10:38:00,79.1390982596
2018-02-05 10:39:00,2.68401980446
2018-02-05 10:40:00,9.90047577136
2018-02-05 10:41:00,4.66915840696
2018-02-05 10:42:00,15.4492509966
2018-02-05 10:43:00,4.53284899456
2018-02-05 10:44:00,47.9508709261
2018-02-05 10:45:00,36.662316506
2018-02-05 10:46:00,4.20716722749
2018-02-05 10:47:00,14.1433072682
2018-02-05 10:48:00,14.6575854096
2018-02-05 10:49:00,21.5568728753
2018-02-05 10:50:00,52.9934615675
2018-02-05 10:51:00,35.8905159785
2018-02-05 10:52:00,26.4750125838
2018-02-05 10:53:00,0.0
2018-02-05 10:54:00,0.0
2018-02-05 10:55:00,0.0
2018-02-05 10:56:00,29.8024641869
2018-02-05 10:57:00,56.4726614733
2018-02-05 10:58:00,8.2819766645
2018-02-05 10:59:00,0.0
2018-02-05 11:00:00,21.8378018567
2018-02-05 11:01:00,0.127205480094
2018-02-05 11:02:00,20.3236092619
2018-02-05 11:03:00,26.6035430803
2018-02-05 11:04:00,27.0585121603
2018-02-05 11:05:00,0.0
2018-02-05 11:06:00,95.7719604629
2018-02-05 11:07:00,20.5608891692
2018-02-05 11:08:00,46.0477612148
2018-02-05 11:09:00,36.9848997645
2018-02-05 11:10:00,1.13943083828
2018-02-05 11:11:00,13.1228360071
2018-02-05 11:12:00,30.6147045228
2018-02-05 11:13:00,10.8541703074
2018-02-05 11:14:00,0.474052997229
2018-02-05 11:15:00,42.9524140624
2018-02-05 11:16:00,12.7486500529
2018-02-05 11:17:00,23.5972606603
2018-02-05 11:18:00,11.7964805351
2018-02-05 11:19:00,28.692663266
2018-02-05 11:20:00,0.0
2018-02-05 11:21:00,18.20135754
2018-02-05 11:22:00,23.2947578634
2018-02-05 11:23:00,34.5225628409
2018-02-05 11:24:00,56.0971793756
2018-02-05 11:25:00,69.2489404989
2018-02-05 11:26:00,31.8969157193
2018-02-05 11:27:00,31.3543681502
2018-02-05 11:28:00,23.9969286298
2018-02-05 11:29:00,16.68361418
2018-02-05 11:30:00,20.6489866673
2018-02-05 11:31:00,3.310557494
2018-02-05 11:32:00,11.8045590352
2018-02-05 11:33:00,7.71485389279
2018-02-05 11:34:00,45.6496746881
2018-02-05 11:35:00,26.3598800246
2018-02-05 11:36:00,0.0
2018-02-05 11:37:00,0.0
2018-02-05 11:38:00,37.0843989402
2018-02-05 11:39:00,9.12044138317
2018-02-05 11:40:00,43.3462158692
2018-02-05 11:41:00,0.0
2018-02-05 11:42:00,1.20360489802
2018-02-05 11:43:00,20.9288192566
2018-02-05 11:44:00,30.420071423
2018-02-05 11:45:00,15.8920472204
2018-02-05 11:46:00,17.0253071205
2018-02-05 11:47:00,19.080603321
2018-02-05 11:48:00,82.2169265362
2018-02-05 11:49:00,43.7803723905
2018-02-05 11:50:00,0.57994739133
2018-02-05 11:51:00,18.7175556269
2018-02-05 11:52:00,77.1458236297
2018-02-05 11:53:00,26.7089709518
2018-02-05 11:54:00,19.5909887089
2018-02-05 11:55:00,42.4097931491
2018-02-05 11:56:00,7.16772630673
2018-02-05 11:57:00,20.0153891692
2018-02-05 11:58:00,74.7837979851
2018-02-05 11:59:00,45.2390487037
2018-02-05 12:00:00,32.7877084498
2018-02-05 12:01:00,74.7048561177
2018-02-05 12:02:00,30.1885613258
2018-02-05 12:03:00,34.0058068565
2018-02-05 12:04:00,11.3918299806
2018-02-05 12:05:00,0.0
2018-02-05 12:06:00,5.48407462716
2018-02-05 12:07:00,9.82836476963
2018-02-05 12:08:00,29.885970944
2018-02-05 12:09:00,3.10925376426
2018-02-05 12:10:00,67.5087410006
2018-02-05 12:11:00,10.2777440457
2018-02-05 12:12:00,7.44396968683
2018-02-05 12:13:00,63.5395188586
2018-02-05 12:14:00,76.1318045403
2018-02-05 12:15:00,14.8505628334
2018-02-05 12:16:00,48.4287548291
2018-02-05 12:17:00,8.16254677198
2018-02-05 12:18:00,8.61843468903
2018-02-05 12:19:00,0.0
2018-02-05 12:20:00,65.657903916
2018-02-05 12:21:00,2.35367660546
2018-02-05 12:22:00,5.97241241958
2018-02-05 12:23:00,8.81752809257
2018-02-05 12:24:00,62.2998796977
2018-02-05 12:25:00,35.0786631318
2018-02-05 12:26:00,9.69775903674
2018-02-05 12:27:00,84.6955274804
2018-02-05 12:28:00,6.45828038273
2018-02-05 12:29:00,0.0
2018-02-05 12:30:00,56.0082843547
2018-02-05 12:31:00,9.19270545734
2018-02-05 12:32:00,30.1823352067
2018-02-05 12:33:00,0.538159075366
2018-02-05 12:34:00,11.9893814591
2018-02-05 12:35:00,96.7250870748
2018-02-05 12:36:00,1.90323249738
2018-02-05 12:37:00,23.0846696017
2018-02-05 12:38:00,0.0
2018-02-05 12:39:00,35.4193481878
2018-02-05 12:40:00,61.5961211828
2018-02-05 12:41:00,16.9848865684
2018-02-05 12:42:00,19.742946161
2018-02-05 12:43:00,45.3612330857
2018-02-05 12:44:00,3.00150343278
2018-02-05 12:45:00,64.2961328464
2018-02-05 12:46:00,40.5566232632
2018-02-05 12:47:00,31.6838542571
2018-02-05 12:48:00,17.2324279283
2018-02-05 12:49:00,38.1353304731
2018-02-05 12:50:00,17.1464857373
2018-02-05 12:51:00,23.913033855
2018-02-05 12:52:00,91.0776645595
2018-02-05 12:53:00,13.7567058776
2018-02-05 12:54:00,43.0539359989
2018-02-05 12:55:00,57.7698702537
2018-02-05 12:56:00,16.8697708905
2018-02-05 12:57:00,61.9409214865
2018-02-05 12:58:00,18.51148349
2018-02-05 12:59:00,11.5347253837
2018-02-05 13:00:00,5.11361087575
2018-02-05 13:01:00,18.0454886736
2018-02-05 13:02:00,31.2563651897
2018-02-05 13:03:00,3.32827238493
2018-02-05 13:04:00,72.8239779831
2018-02-05 13:05:00,10.6757294653
2018-02-05 13:06:00,36.8251482189
2018-02-05 13:07:00,11.4927578092
2018-02-05 13:08:00,0.0
2018-02-05 13:09:00,11.0463783888
2018-02-05 13:10:00,49.1653899363
2018-02-05 13:11:00,0.0
2018-02-05 13:12:00,59.5800400881
2018-02-05 13:13:00,16.5404322021
2018-02-05 13:14:00,39.4428154939
2018-02-05 13:15:00,36.2548493299
2018-02-05 13:16:00,32.8325531415
2018-02-05 13:17:00,6.85185304659
2018-02-05 13:18:00,1.40964977209
2018-02-05 13:19:00,1.38473543969
2018-02-05 13:20:00,4.33314447092
2018-02-05 13:21:00,73.524598424
2018-02-05 13:22:00,64.2500752786
2018-02-05 13:23:00,32.1638754333
2018-02-05 13:24:00,12.5777340624
2018-02-05 13:25:00,28.4911475914
2018-02-05 13:26:00,0.0
2018-02-05 13:27:00,0.0
2018-02-05 13:28:00,15.56439967
2018-02-05 13:29:00,32.9864318904
2018-02-05 13:30:00,0.183988143606
2018-02-05 13:31:00,34.0276045861
2018-02-05 13:32:00,10.5438428459
2018-02-05 13:33:00,35.0651675841
2018-02-05 13:34:00,4.4263219314
2018-02-05 13:35:00,21.5009902102
2018-02-05 13:36:00,0.0
2018-02-05 13:37:00,44.3711778331
2018-02-05 13:38:00,8.61899575133
2018-02-05 13:39:00,50.8022928058
2018-02-05 13:40:00,48.9543959592
2018-02-05 13:41:00,64.1212861085
2018-02-05 13:42:00,18.1486438951
2018-02-05 13:43:00,6.36474019035
2018-02-05 13:44:00,0.0
2018-02-05 13:45:00,5.84871296237
2018-02-05 13:46:00,11.6943260365
2018-02-05 13:47:00,0.569097434029
2018-02-05 13:48:00,5.29880277652
2018-02-05 13:49:00,45.215164844
2018-02-05 13:50:00,0.285687993391
2018-02-05 13:51:00,5.10549195034
2018-02-05 13:52:00,27.3423374061
2018-02-05 13:53:00,0.762670327023
2018-02-05 13:54:00,19.1216454383
2018-02-05 13:55:00,64.61100152
2018-02-05 13:56:00,5.8584940391
2018-02-05 13:57:00,22.0659481351
2018-02-05 13:58:00,15.6781480212
2018-02-05 13:59:00,0.0
2018-02-05 14:00:00,76.5119478535
2018-02-05 14:01:00,0.0
2018-02-05 14:02:00,49.6244673391
2018-02-05 14:03:00,45.4563208943
2018-02-05 14:04:00,28.1736861736
2018-02-05 14:05:00,17.8764833394
2018-02-05 14:06:00,12.0111615387
2018-02-05 14:07:00,31.6994224042
2018-02-05 14:08:00,1.43652406327
2018-02-05 14:09:00,16.0658812557
2018-02-05 14:10:00,58.0724720278
2018-02-05 14:11:00,0.681292006704
2018-02-05 14:12:00,13.401084312
2018-02-05 14:13:00,20.7629230936
2018-02-05 14:14:00,31.9210588477
2018-02-05 14:15:00,25.7986977595
2018-02-05 14:16:00,4.96096839438
2018-02-05 14:17:00,6.76829953934
2018-02-05 14:18:00,13.9764969839
2018-02-05 14:19:00,13.1138280172
2018-02-05 14:20:00,16.1356642331
2018-02-05 14:21:00,2.12681353919
2018-02-05 14:22:00,39.633631504
2018-02-05 14:23:00,35.7547936332
2018-02-05 14:24:00,32.0014692221
2018-02-05 14:25:00,6.03096880615
2018-02-05 14:26:00,16.6321270066
2018-02-05 14:27:00,6.29758048287
2018-02-05 14:28:00,70.8782097164
2018-02-05 14:29:00,3.13297493269
2018-02-05 14:30:00,26.3027057137
2018-02-05 14:31:00,27.0198795237
2018-02-05 14:32:00,55.9408634744
2018-02-05 14:33:00,23.6591502665
2018-02-05 14:34:00,0.0
2018-02-05 14:35:00,25.1170336142
2018-02-05 14:36:00,39.7103814722
2018-02-05 14:37:00,3.1397762018
2018-02-05 14:38:00,6.46943933053
2018-02-05 14:39:00,72.2383328792
2018-02-05 14:40:00,8.96576212793
2018-02-05 14:41:00,55.585130539
2018-02-05 14:42:00,47.2601128131
2018-02-05 14:43:00,3.48791716847
2018-02-05 14:44:00,5.0789400063
2018-02-05 14:45:00,0.0
2018-02-05 14:46:00,35.8613986122
2018-02-05 14:47:00,20.2596506386
2018-02-05 14:48:00,0.0
2018-02-05 14:49:00,47.7654244771
2018-02-05 14:50:00,89.6898735124
2018-02-05 14:51:00,0.0
2018-02-05 14:52:00,79.2377643009
2018-02-05 14:53:00,0.0
2018-02-05 14:54:00,68.0107637728
2018-02-05 14:55:00,0.0
2018-02-05 14:56:00,27.0407882572
2018-02-05 14:57:00,76.2549010185
2018-02-05 14:58:00,0.0
2018-02-05 14:59:00,0.351249450561
2018-02-05 15:00:00,3.56512519112
2018-02-05 15:01:00,67.7749517747
2018-02-05 15:02:00,1.11789710116
2018-02-05 15:03:00,14.4843786092
2018-02-05 15:04:00,1.39275990679
2018-02-05 15:05:00,0.0
2018-02-05 15:06:00,47.9540257017
2018-02-05 15:07:00,1.74791735562
2018-02-05 15:08:00,4.59475515939
2018-02-05 15:09:00,33.8073007479
2018-02-05 15:10:00,42.984094315
2018-02-05 15:11:00,21.6718660307
2018-02-05 15:12:00,54.8115945149
2018-02-05 15:13:00,5.89795392669
2018-02-05 15:14:00,25.7502139373
2018-02-05 15:15:00,11.8863891507
2018-02-05 15:16:00,17.1117707066
2018-02-05 15:17:00,0.0
2018-02-05 15:18:00,8.53389090285
2018-02-05 15:19:00,23.5555152022
2018-02-05 15:20:00,18.7007010288
2018-02-05 15:21:00,52.5971553953
2018-02-05 15:22:00,0.0
2018-02-05 15:23:00,27.8368858457
2018-02-05 15:24:00,18.779236758
2018-02-05 15:25:00,47.2938943212
2018-02-05 15:26:00,42.629227294
2018-02-05 15:27:00,13.3840404958
2018-02-05 15:28:00,23.2916177329
2018-02-05 15:29:00,18.185738669
2018-02-05 15:30:00,21.4563463845
2018-02-05 15:31:00,0.364980862763
2018-02-05 15:32:00,28.5476002415
2018-02-05 15:33:00,18.2296047091
2018-02-05 15:34:00,8.71344646628
2018-02-05 15:35:00,5.16217042993
2018-02-05 15:36:00,27.8052715812
2018-02-05 15:37:00,17.5763937797
2018-02-05 15:38:00,32.9554214654
2018-02-05 15:39:00,6.89656995557
2018-02-05 15:40:00,69.4536431117
2018-02-05 15:41:00,6.96490721168
2018-02-05 15:42:00,33.7419893257
2018-02-05 15:43:00,20.2344378906
2018-02-05 15:44:00,14.7726885809
2018-02-05 15:45:00,2.14849851888
2018-02-05 15:46:00,1.30534763612
2018-02-05 15:47:00,12.8474109432
2018-02-05 15:48:00,6.37157087839
2018-02-05 15:49:00,5.56875624837
2018-02-05 15:50:00,17.4643322473
2018-02-05 15:51:00,1.11876689836
2018-02-05 15:52:00,24.5842211907
2018-02-05 15:53:00,19.4585956566
2018-02-05 15:54:00,0.0
2018-02-05 15:55:00,11.7115901365
2018-02-05 15:56:00,30.1361135427
2018-02-05 15:57:00,37.0590447064
2018-02-05 15:58:00,16.0074048493
2018-02-05 15:59:00,1.0118291883
2018-02-05 16:00:00,26.9770603724
2018-02-05 16:01:00,2.59081026235
2018-02-05 16:02:00,6.13931922624
2018-02-05 16:03:00,9.64034286129
2018-02-05 16:04:00,49.5525341923
2018-02-05 16:05:00,0.0
2018-02-05 16:06:00,59.7700688295
2018-02-05 16:07:00,47.0010853412
2018-02-05 16:08:00,25.5644467284
2018-02-05 16:09:00,2.64485440352
2018-02-05 16:10:00,4.89047331979
2018-02-05 16:11:00,22.0591022025
2018-02-05 16:12:00,25.2276792048
2018-02-05 16:13:00,0.0
2018-02-05 16:14:00,50.3180474488
2018-02-05 16:15:00,19.1059939949
2018-02-05 16:16:00,5.94894967753
2018-02-05 16:17:00,8.70729758116
2018-02-05 16:18:00,18.80119051
2018-02-05 16:19:00,21.8007085079
2018-02-05 16:20:00,0.489630805199
2018-02-05 16:21:00,7.60845055259
2018-02-05 16:22:00,34.2484573244
2018-02-05 16:23:00,15.0324306529
2018-02-05 16:24:00,0.95130657312
2018-02-05 16:25:00,4.05444509523
2018-02-05 16:26:00,6.41395310237
2018-02-05 16:27:00,7.15421211833
2018-02-05 16:28:00,6.09303527577
2018-02-05 16:29:00,17.2270142893
2018-02-05 16:30:00,10.9361747043
2018-02-05 16:31:00,15.3974265348
2018-02-05 16:32:00,25.0230004383
2018-02-05 16:33:00,31.169709309
2018-02-05 16:34:00,28.576150846
2018-02-05 16:35:00,0.0
2018-02-05 16:36:00,30.6797842414
2018-02-05 16:37:00,11.5869438722
2018-02-05 16:38:00,47.8933922406
2018-02-05 16:39:00,16.504884041
2018-02-05 16:40:00,9.70305713186
2018-02-05 16:41:00,0.503765371996
2018-02-05 16:42:00,42.6629772722
2018-02-05 16:43:00,0.0
2018-02-05 16:44:00,24.2200042601
2018-02-05 16:45:00,40.0997418714
2018-02-05 16:46:00,59.9842925469
2018-02-05 16:47:00,7.74117309124
2018-02-05 16:48:00,24.8157745305
2018-02-05 16:49:00,16.6545628514
2018-02-05 16:50:00,0.773792625079
2018-02-05 16:51:00,4.49925426994
2018-02-05 16:52:00,4.70104499174
2018-02-05 16:53:00,52.3660368943
2018-02-05 16:54:00,1.66060577343
2018-02-05 16:55:00,3.4628532585
2018-02-05 16:56:00,15.3820115835
2018-02-05 16:57:00,10.8768111388
2018-02-05 16:58:00,2.96882675559
2018-02-05 16:59:00,54.125008787
2018-02-05 17:00:00,7.17454243972
2018-02-05 17:01:00,21.5329511225
2018-02-05 17:02:00,14.2222349346
2018-02-05 17:03:00,1.81193053962
2018-02-05 17:04:00,0.264189181934
2018-02-05 17:05:00,16.0236417369
2018-02-05 17:06:00,0.0
2018-02-05 17:07:00,5.17779426707
2018-02-05 17:08:00,32.0400960814
2018-02-05 17:09:00,13.9708704626
2018-02-05 17:10:00,0.0
2018-02-05 17:11:00,26.875114166
2018-02-05 17:12:00,0.0
2018-02-05 17:13:00,5.65488545307
2018-02-05 17:14:00,9.64653047337
2018-02-05 17:15:00,16.31186167
2018-02-05 17:16:00,14.8430213953
2018-02-05 17:17:00,9.37907080631
2018-02-05 17:18:00,0.0
2018-02-05 17:19:00,17.9837314478
2018-02-05 17:20:00,0.0
2018-02-05 17:21:00,6.83633127688
2018-02-05 17:22:00,18.0301323696
2018-02-05 17:23:00,5.84724645164
2018-02-05 17:24:00,14.9004398563
2018-02-05 17:25:00,18.3421118896
2018-02-05 17:26:00,6.14180639937
2018-02-05 17:27:00,3.42626986475
2018-02-05 17:28:00,21.9217116065
2018-02-05 17:29:00,7.27829350247
2018-02-05 17:30:00,0.0
2018-02-05 17:31:00,3.70775563955
2018-02-05 17:32:00,18.2942796585
2018-02-05 17:33:00,33.6220645646
2018-02-05 17:34:00,6.66180499309
2018-02-05 17:35:00,4.5565698159
2018-02-05 17:36:00,0.0
2018-02-05 17:37:00,51.5366561887
2018-02-05 17:38:00,2.43931110994
2018-02-05 17:39:00,0.0
2018-02-05 17:40:00,12.6017555598
2018-02-05 17:41:00,6.63442821871
2018-02-05 17:42:00,54.9530946373
2018-02-05 17:43:00,25.9141255651
2018-02-05 17:44:00,10.2010410212
2018-02-05 17:45:00,3.28693627351
2018-02-05 17:46:00,13.6474497672
2018-02-05 17:47:00,21.1265975478
2018-02-05 17:48:00,4.09003768564
2018-02-05 17:49:00,24.5506815973
2018-02-05 17:50:00,0.708686128222
2018-02-05 17:51:00,4.92599301032
2018-02-05 17:52:00,12.8201555447
2018-02-05 17:53:00,11.642915594
2018-02-05 17:54:00,60.6141979061
2018-02-05 17:55:00,5.00832356839
2018-02-05 17:56:00,7.49646431948
2018-02-05 17:57:00,29.7156272216
2018-02-05 17:58:00,32.4323083433
2018-02-05 17:59:00,8.95071135799
2018-02-05 18:00:00,16.2193932915
2018-02-05 18:01:00,10.3362345388
2018-02-05 18:02:00,23.8947073934
2018-02-05 18:03:00,1.33721151599
2018-02-05 18:04:00,6.76993854526
2018-02-05 18:05:00,21.6653780834
2018-02-05 18:06:00,0.976483323004
2018-02-05 18:07:00,26.3655830959
2018-02-05 18:08:00,26.7358855787
2018-02-05 18:09:00,6.3017173646
2018-02-05 18:10:00,29.5545546905
2018-02-05 18:11:00,11.5751072994
2018-02-05 18:12:00,21.476513058
2018-02-05 18:13:00,12.5061548226
2018-02-05 18:14:00,4.64096994614
2018-02-05 18:15:00,15.3456026796
2018-02-05 18:16:00,0.0
2018-02-05 18:17:00,1.38246347738
2018-02-05 18:18:00,0.0
2018-02-05 18:19:00,45.7100427255
2018-02-05 18:20:00,4.50614162188
2018-02-05 18:21:00,41.0645492062
2018-02-05 18:22:00,7.83501008726
2018-02-05 18:23:00,40.1170415932
2018-02-05 18:24:00,41.1697736776
2018-02-05 18:25:00,52.0047369815
2018-02-05 18:26:00,2.73964013651
2018-02-05 18:27:00,11.3397539775
2018-02-05 18:28:00,10.7226862156
2018-02-05 18:29:00,15.6305213616
2018-02-05 18:30:00,1.71128740233
2018-02-05 18:31:00,13.7096090878
2018-02-05 18:32:00,51.7744981466
2018-02-05 18:33:00,10.5434999036
2018-02-05 18:34:00,8.9146226496
2018-02-05 18:35:00,22.2189179248
2018-02-05 18:36:00,15.5039694645
2018-02-05 18:37:00,4.14423459131
2018-02-05 18:38:00,6.7767799343
2018-02-05 18:39:00,15.1866897845
2018-02-05 18:40:00,24.2084553558
2018-02-05 18:41:00,15.3044846452
2018-02-05 18:42:00,4.94071189421
2018-02-05 18:43:00,1.49581592742
2018-02-05 18:44:00,7.72917587079
2018-02-05 18:45:00,15.8714733345
2018-02-05 18:46:00,4.02662307952
2018-02-05 18:47:00,9.42154281878
2018-02-05 18:48:00,17.5022185985
2018-02-05 18:49:00,0.735693668373
2018-02-05 18:50:00,37.7179487488
2018-02-05 18:51:00,3.65359115716
2018-02-05 18:52:00,13.8949674
2018-02-05 18:53:00,6.15407422438
2018-02-05 18:54:00,5.11729912521
2018-02-05 18:55:00,3.81983141159
2018-02-05 18:56:00,0.0
2018-02-05 18:57:00,11.8001028388
2018-02-05 18:58:00,24.6047224079
2018-02-05 18:59:00,10.1240406095
2018-02-05 19:00:00,1.21611320271
2018-02-05 19:01:00,2.90914194006
2018-02-05 19:02:00,15.1460215281
2018-02-05 19:03:00,5.95951471284
2018-02-05 19:04:00,2.18904576774
2018-02-05 19:05:00,8.99737140883
2018-02-05 19:06:00,0.829945632249
2018-02-05 19:07:00,7.7886354854
2018-02-05 19:08:00,11.7572015417
2018-02-05 19:09:00,3.09930756679
2018-02-05 19:10:00,13.0428803622
2018-02-05 19:11:00,4.73250315354
2018-02-05 19:12:00,1.4771657825
2018-02-05 19:13:00,1.23847442441
2018-02-05 19:14:00,0.0
2018-02-05 19:15:00,9.53208286451
2018-02-05 19:16:00,0.892646781552
2018-02-05 19:17:00,20.0732039577
2018-02-05 19:18:00,3.3815532929
2018-02-05 19:19:00,27.0846601934
2018-02-05 19:20:00,20.8828886943
2018-02-05 19:21:00,22.4120771588
2018-02-05 19:22:00,0.0
2018-02-05 19:23:00,29.8409072812
2018-02-05 19:24:00,20.5158840968
2018-02-05 19:25:00,17.5826049788
2018-02-05 19:26:00,7.13041268729
2018-02-05 19:27:00,0.0
2018-02-05 19:28:00,1.68843075162
2018-02-05 19:29:00,0.0
2018-02-05 19:30:00,0.572544576405
2018-02-05 19:31:00,22.8302517446
2018-02-05 19:32:00,1.05627094902
2018-02-05 19:33:00,31.0685797357
2018-02-05 19:34:00,0.619943621231
2018-02-05 19:35:00,12.2885714569
2018-02-05 19:36:00,21.8567894295
2018-02-05 19:37:00,25.9872152599
2018-02-05 19:38:00,11.987761046
2018-02-05 19:39:00,4.85035987019
2018-02-05 19:40:00,0.0
2018-02-05 19:41:00,12.4385031043
2018-02-05 19:42:00,9.86562095098
2018-02-05 19:43:00,14.6612114106
2018-02-05 19:44:00,2.94424767728
2018-02-05 19:45:00,4.15069782719
2018-02-05 19:46:00,24.1018510812
2018-02-05 19:47:00,19.8416188371
2018-02-05 19:48:00,1.05652372998
2018-02-05 19:49:00,10.26491353
2018-02-05 19:50:00,13.4569295029
2018-02-05 19:51:00,6.31137879864
2018-02-05 19:52:00,17.2209883648
2018-02-05 19:53:00,8.2933284738
2018-02-05 19:54:00,3.9286030947
2018-02-05 19:55:00,4.37805793234
2018-02-05 19:56:00,20.6443918916
2018-02-05 19:57:00,13.7217438818
2018-02-05 19:58:00,2.91087249659
2018-02-05 19:59:00,0.0
2018-02-05 20:00:00,24.3054367085
2018-02-05 20:01:00,1.79595631505
2018-02-05 20:02:00,14.1361519414
2018-02-05 20:03:00,8.31688184018
2018-02-05 20:04:00,0.0
2018-02-05 20:05:00,0.0
2018-02-05 20:06:00,1.55177938916
2018-02-05 20:07:00,15.751401325
2018-02-05 20:08:00,6.12528436519
2018-02-05 20:09:00,0.50101766809
2018-02-05 20:10:00,1.83538678564
2018-02-05 20:11:00,1.79036782275
2018-02-05 20:12:00,2.65652125613
2018-02-05 20:13:00,13.5073956981
2018-02-05 20:14:00,0.0
2018-02-05 20:15:00,7.7239594896
2018-02-05 20:16:00,5.61750126277
2018-02-05 20:17:00,35.3401573697
2018-02-05 20:18:00,0.874611549747
2018-02-05 20:19:00,10.0282837191
2018-02-05 20:20:00,2.45411528823
2018-02-05 20:21:00,7.03482068324
2018-02-05 20:22:00,3.2894730251
2018-02-05 20:23:00,11.9284827787
2018-02-05 20:24:00,0.0
2018-02-05 20:25:00,11.1327839217
2018-02-05 20:26:00,1.14601696456
2018-02-05 20:27:00,20.5390851104
2018-02-05 20:28:00,11.8157462818
2018-02-05 20:29:00,0.0
2018-02-05 20:30:00,23.2016143482
2018-02-05 20:31:00,3.91607370111
2018-02-05 20:32:00,9.19478601882
2018-02-05 20:33:00,3.10819993477
2018-02-05 20:34:00,14.8748827982
2018-02-05 20:35:00,3.33196733359
2018-02-05 20:36:00,10.5214089799
2018-02-05 20:37:00,22.1781962117
2018-02-05 20:38:00,0.0
2018-02-05 20:39:00,11.56432825
2018-02-05 20:40:00,0.0
2018-02-05 20:41:00,3.7423595986
2018-02-05 20:42:00,0.0
2018-02-05 20:43:00,0.565409421537
2018-02-05 20:44:00,8.37868248616
2018-02-05 20:45:00,12.9907469606
2018-02-05 20:46:00,2.46646186913
2018-02-05 20:47:00,0.0306787717309
2018-02-05 20:48:00,10.8636722452
2018-02-05 20:49:00,0.194714265645
2018-02-05 20:50:00,16.9721564848
2018-02-05 20:51:00,7.84734509261
2018-02-05 20:52:00,2.00816565658
2018-02-05 20:53:00,23.7079679352
2018-02-05 20:54:00,5.11465200021
2018-02-05 20:55:00,2.81788891535
2018-02-05 20:56:00,0.0
2018-02-05 20:57:00,3.31639008197
2018-02-05 20:58:00,23.1893802039
2018-02-05 20:59:00,2.23952274694
2018-02-05 21:00:00,22.2297967972
2018-02-05 21:01:00,12.2812836031
2018-02-05 21:02:00,18.6976292515
2018-02-05 21:03:00,13.9653650338
2018-02-05 21:04:00,2.02781918784
2018-02-05 21:05:00,0.0719603946353
2018-02-05 21:06:00,0.0896156532044
2018-02-05 21:07:00,3.52115460099
2018-02-05 21:08:00,4.33915469164
2018-02-05 21:09:00,6.75726480692
2018-02-05 21:10:00,11.096627664
2018-02-05 21:11:00,15.7600196905
2018-02-05 21:12:00,10.1648485936
2018-02-05 21:13:00,16.0453843418
2018-02-05 21:14:00,17.7358291012
2018-02-05 21:15:00,0.591650925365
2018-02-05 21:16:00,9.68104078227
2018-02-05 21:17:00,0.787107366653
2018-02-05 21:18:00,0.0
2018-02-05 21:19:00,19.0874789322
2018-02-05 21:20:00,7.76240433673
2018-02-05 21:21:00,2.9668850666
2018-02-05 21:22:00,14.3827426839
2018-02-05 21:23:00,0.0
2018-02-05 21:24:00,2.85734525108
2018-02-05 21:25:00,10.7846867913
2018-02-05 21:26:00,0.0
2018-02-05 21:27:00,8.50478809382
2018-02-05 21:28:00,4.48682640505
2018-02-05 21:29:00,4.04798679782
2018-02-05 21:30:00,4.10735826967
2018-02-05 21:31:00,0.885957277759
2018-02-05 21:32:00,0.0
2018-02-05 21:33:00,0.98514946826
2018-02-05 21:34:00,0.0
2018-02-05 21:35:00,9.70207876423
2018-02-05 21:36:00,6.52245474349
2018-02-05 21:37:00,0.22227733016
2018-02-05 21:38:00,10.0627561224
2018-02-05 21:39:00,1.23265419903
2018-02-05 21:40:00,5.28285487399
2018-02-05 21:41:00,3.07678719984
2018-02-05 21:42:00,4.54561372485
2018-02-05 21:43:00,16.5607537347
2018-02-05 21:44:00,7.59764705197
2018-02-05 21:45:00,0.72639566702
2018-02-05 21:46:00,9.06507961008
2018-02-05 21:47:00,0.0
2018-02-05 21:48:00,17.3627989796
2018-02-05 21:49:00,2.18246021187
2018-02-05 21:50:00,6.5734489229
2018-02-05 21:51:00,9.7060180789
2018-02-05 21:52:00,13.3477932295
2018-02-05 21:53:00,6.58056542134
2018-02-05 21:54:00,1.82079674425
2018-02-05 21:55:00,7.17425875585
2018-02-05 21:56:00,18.1789831101
2018-02-05 21:57:00,26.7384568236
2018-02-05 21:58:00,1.65249176317
2018-02-05 21:59:00,0.136965592028
2018-02-05 22:00:00,0.0
2018-02-05 22:01:00,3.45751949215
2018-02-05 22:02:00,7.78760431953
2018-02-05 22:03:00,8.69326472532
2018-02-05 22:04:00,0.123764843322
2018-02-05 22:05:00,0.0
2018-02-05 22:06:00,9.78484641771
2018-02-05 22:07:00,7.30868171143
2018-02-05 22:08:00,0.0
2018-02-05 22:09:00,10.1562677619
2018-02-05 22:10:00,2.1153940749
2018-02-05 22:11:00,1.10694977968
2018-02-05 22:12:00,0.688417047158
2018-02-05 22:13:00,1.48965026969
2018-02-05 22:14:00,0.0
2018-02-05 22:15:00,6.04445401184
2018-02-05 22:16:00,6.1759143181
2018-02-05 22:17:00,17.5158682408
2018-02-05 22:18:00,0.563159519895
2018-02-05 22:19:00,0.0
2018-02-05 22:20:00,1.42398794545
2018-02-05 22:21:00,2.08849630491
2018-02-05 22:22:00,5.07646740605
2018-02-05 22:23:00,15.9980857531
2018-02-05 22:24:00,1.52565225983
2018-02-05 22:25:00,2.41602042613
2018-02-05 22:26:00,1.16014625126
2018-02-05 22:27:00,3.25216359278
2018-02-05 22:28:00,0.921549204108
2018-02-05 22:29:00,7.5552530277
2018-02-05 22:30:00,5.97852701042
2018-02-05 22:31:00,2.07102557511
2018-02-05 22:32:00,9.95799669907
2018-02-05 22:33:00,0.962859881392
2018-02-05 22:34:00,0.271031738045
2018-02-05 22:35:00,6.75969641189
2018-02-05 22:36:00,4.23378590003
2018-02-05 22:37:00,0.326803365268
2018-02-05 22:38:00,3.44386476882
2018-02-05 22:39:00,4.27435927287
2018-02-05 22:40:00,2.23725041349
2018-02-05 22:41:00,0.0
2018-02-05 22:42:00,6.04375565335
2018-02-05 22:43:00,7.51736536103
2018-02-05 22:44:00,11.0512675437
2018-02-05 22:45:00,3.76179844222
2018-02-05 22:46:00,11.808967765
2018-02-05 22:47:00,0.320143065382
2018-02-05 22:48:00,0.55403604676
2018-02-05 22:49:00,0.622524770383
2018-02-05 22:50:00,6.54946668574
2018-02-05 22:51:00,10.8510241204
2018-02-05 22:52:00,3.47314441897
2018-02-05 22:53:00,1.70920817964
2018-02-05 22:54:00,11.7215820257
2018-02-05 22:55:00,1.95745999005
2018-02-05 22:56:00,0.453937158338
2018-02-05 22:57:00,2.41838279518
2018-02-05 22:58:00,1.83844636711
2018-02-05 22:59:00,0.0
2018-02-05 23:00:00,1.79642182828
2018-02-05 23:01:00,3.63221908111
2018-02-05 23:02:00,0.0
2018-02-05 23:03:00,0.643596021968
2018-02-05 23:04:00,5.729701601
2018-02-05 23:05:00,1.44337047155
2018-02-05 23:06:00,2.64248903394
2018-02-05 23:07:00,4.24666615753
2018-02-05 23:08:00,0.000112031235441
2018-02-05 23:09:00,5.00384831027
2018-02-05 23:10:00,0.816487092185
2018-02-05 23:11:00,0.655835131607
2018-02-05 23:12:00,0.0
2018-02-05 23:13:00,3.66558323801
2018-02-05 23:14:00,0.0
2018-02-05 23:15:00,2.45964433341
2018-02-05 23:16:00,5.84310103475
2018-02-05 23:17:00,4.4791346591
2018-02-05 23:18:00,4.0511037845
2018-02-05 23:19:00,0.0
2018-02-05 23:20:00,2.09086118522
2018-02-05 23:21:00,1.92749659257
2018-02-05 23:22:00,5.01278400694
2018-02-05 23:23:00,4.33461313272
2018-02-05 23:24:00,1.28631424151
2018-02-05 23:25:00,3.13162163744
2018-02-05 23:26:00,0.90305538044
2018-02-05 23:27:00,0.288097125559
2018-02-05 23:28:00,0.0745378619599
2018-02-05 23:29:00,0.489238892612
2018-02-05 23:30:00,0.915914550711
2018-02-05 23:31:00,1.06868464503
2018-02-05 23:32:00,2.56756289338
2018-02-05 23:33:00,6.52873132625
2018-02-05 23:34:00,0.810586213008
2018-02-05 23:35:00,0.750208807258
2018-02-05 23:36:00,3.53952542672
2018-02-05 23:37:00,0.28766973881
2018-02-05 23:38:00,1.50970086931
2018-02-05 23:39:00,0.420419155067
2018-02-05 23:40:00,0.438240000075
2018-02-05 23:41:00,0.55571353761
2018-02-05 23:42:00,3.2826435018
2018-02-05 23:43:00,0.128001331055
2018-02-05 23:44:00,7.15676445342
2018-02-05 23:45:00,2.93628608857
2018-02-05 23:46:00,0.280327453646
2018-02-05 23:47:00,0.370857636214
2018-02-05 23:48:00,3.85564159265
2018-02-05 23:49:00,1.33320392903
2018-02-05 23:50:00,4.45827360653
2018-02-05 23:51:00,2.54444509015
2018-02-05 23:52:00,6.98366455588
2018-02-05 23:53:00,0.512537232072
2018-02-05 23:54:00,2.22993018024
2018-02-05 23:55:00,0.916630812477
2018-02-05 23:56:00,0.939191870865
2018-02-05 23:57:00,0.0740189963045
2018-02-05 23:58:00,0.827365075004
2018-02-05 23:59:00,0.0
